<?xml version="1.0" encoding="utf-8"?>
<RelativeLayout xmlns:android="http://schemas.android.com/apk/res/android" xmlns:app="http://schemas.android.com/apk/res-auto" android:paddingLeft="@dimen/activity_horizontal_margin" android:paddingTop="@dimen/activity_vertical_margin" android:paddingRight="@dimen/activity_horizontal_margin" android:paddingBottom="@dimen/activity_vertical_margin" android:layout_width="match_parent" android:layout_height="match_parent">
    <LinearLayout android:gravity="center_vertical" android:orientation="vertical" android:layout_width="match_parent" android:layout_height="match_parent">
        <TextView android:gravity="center_horizontal" android:layout_width="match_parent" android:layout_height="wrap_content" android:layout_marginBottom="30dp" android:text="@string/main_description"/>
        <EditText android:gravity="center_horizontal" android:id="@+id/txPassword" android:layout_width="match_parent" android:layout_height="wrap_content" android:layout_marginBottom="30dp" android:maxLines="1" style="@style/tokenEditText"/>
        <Button android:layout_width="match_parent" android:layout_height="wrap_content" android:text="@string/main_verify" android:onClick="verifyPasswordClick"/>
    </LinearLayout>
    <RelativeLayout android:layout_width="match_parent" android:layout_height="wrap_content" android:layout_alignParentBottom="true">
        <TextView android:textAppearance="?android:attr/textAppearanceSmall" android:layout_width="wrap_content" android:layout_height="wrap_content" android:text="@string/main_information" android:layout_alignParentLeft="true" android:layout_alignParentBottom="true"/>
        <ImageView android:layout_width="100dp" android:layout_height="wrap_content" android:src="@drawable/logo" android:adjustViewBounds="true" android:baselineAlignBottom="true" android:layout_alignParentRight="true" android:layout_alignParentBottom="true"/>
    </RelativeLayout>
</RelativeLayout>
